INSERT INTO users (id, email, password_hash, full_name, role) VALUES (N'7c811385-e75d-4286-ae1e-0c35442ead75', N'user0@example.com', N'HASHED_PASS_0', N'User 0', N'donor');
INSERT INTO users (id, email, password_hash, full_name, role) VALUES (N'3c403965-0cdb-4c87-bf79-e68d2eab72f1', N'user1@example.com', N'HASHED_PASS_1', N'User 1', N'admin');
INSERT INTO users (id, email, password_hash, full_name, role) VALUES (N'1c0affc2-4517-47bc-8229-6483c3043d48', N'user2@example.com', N'HASHED_PASS_2', N'User 2', N'donor');
INSERT INTO users (id, email, password_hash, full_name, role) VALUES (N'0ed0ed08-add3-4e8d-ae02-031e082100e3', N'user3@example.com', N'HASHED_PASS_3', N'User 3', N'donor');
INSERT INTO users (id, email, password_hash, full_name, role) VALUES (N'f1924202-6706-4ed7-a4d1-02c7ff4b1aa8', N'user4@example.com', N'HASHED_PASS_4', N'User 4', N'donor');
INSERT INTO users (id, email, password_hash, full_name, role) VALUES (N'6dfdfaf8-3735-42df-b7e3-6ece38fca1a7', N'user5@example.com', N'HASHED_PASS_5', N'User 5', N'medical_staff');
INSERT INTO users (id, email, password_hash, full_name, role) VALUES (N'b333a44a-12b5-4e68-a3b3-28f477373043', N'user6@example.com', N'HASHED_PASS_6', N'User 6', N'donor');
INSERT INTO users (id, email, password_hash, full_name, role) VALUES (N'32e592dc-d8a6-4a2b-861e-aa8a4bc13784', N'user7@example.com', N'HASHED_PASS_7', N'User 7', N'admin');
INSERT INTO users (id, email, password_hash, full_name, role) VALUES (N'66b6d9ea-dfcc-4ca0-8ad3-b9474a6e25df', N'user8@example.com', N'HASHED_PASS_8', N'User 8', N'donor');
INSERT INTO users (id, email, password_hash, full_name, role) VALUES (N'e53cf5e5-96b6-4641-80ef-d4d1e79ac2eb', N'user9@example.com', N'HASHED_PASS_9', N'User 9', N'admin');
INSERT INTO users (id, email, password_hash, full_name, role) VALUES (N'cd722dec-60ee-47f5-ac8a-cf4cdf318ec3', N'user10@example.com', N'HASHED_PASS_10', N'User 10', N'medical_staff');
INSERT INTO users (id, email, password_hash, full_name, role) VALUES (N'ad24c59f-efa3-4b52-addd-49f629b4179d', N'user11@example.com', N'HASHED_PASS_11', N'User 11', N'donor');
INSERT INTO users (id, email, password_hash, full_name, role) VALUES (N'a4b0e094-e274-4093-ab43-2025311f9e31', N'user12@example.com', N'HASHED_PASS_12', N'User 12', N'medical_staff');
INSERT INTO users (id, email, password_hash, full_name, role) VALUES (N'926e54b7-0adb-468a-88b5-72d2ae52d789', N'user13@example.com', N'HASHED_PASS_13', N'User 13', N'donor');
INSERT INTO users (id, email, password_hash, full_name, role) VALUES (N'597697c5-517a-4ba3-a135-08371993a6f7', N'user14@example.com', N'HASHED_PASS_14', N'User 14', N'donor');
INSERT INTO users (id, email, password_hash, full_name, role) VALUES (N'05828f2e-ae3c-4dc6-8a24-7e525e6f313b', N'user15@example.com', N'HASHED_PASS_15', N'User 15', N'donor');
INSERT INTO users (id, email, password_hash, full_name, role) VALUES (N'7dfe3a22-3eb3-4d0e-bfd7-28515ab13b3e', N'user16@example.com', N'HASHED_PASS_16', N'User 16', N'medical_staff');
INSERT INTO users (id, email, password_hash, full_name, role) VALUES (N'a54344dc-3e2a-4464-a209-115a88f178f6', N'user17@example.com', N'HASHED_PASS_17', N'User 17', N'admin');
INSERT INTO users (id, email, password_hash, full_name, role) VALUES (N'46fd5fba-c81b-45a4-b8fb-749707f26c8b', N'user18@example.com', N'HASHED_PASS_18', N'User 18', N'donor');
INSERT INTO users (id, email, password_hash, full_name, role) VALUES (N'e3faf6ad-6eae-4439-b006-c807de189acd', N'user19@example.com', N'HASHED_PASS_19', N'User 19', N'donor');
INSERT INTO donors (id, user_id, document_type, document_number, birth_date, phone, address, latitude, longitude, blood_type, sex, last_donation_date, eligibility_status) VALUES (N'c1c83504-42ac-4aa6-b20c-e3b2d536c548', N'7c811385-e75d-4286-ae1e-0c35442ead75', N'CC', N'94022714', N'1995-02-12', N'3062606010', N'Calle 20 #36-8', 10.34435, -75.495261, N'B+', N'male', NULL, N'temporarily_ineligible');
INSERT INTO donors (id, user_id, document_type, document_number, birth_date, phone, address, latitude, longitude, blood_type, sex, last_donation_date, eligibility_status) VALUES (N'589a2158-8224-4391-ae38-477e4dcd0a26', N'1c0affc2-4517-47bc-8229-6483c3043d48', N'CC', N'87172684', N'1996-06-05', N'3616143594', N'Calle 90 #37-16', 10.328557, -75.580692, N'A+', N'other', NULL, N'unknown');
INSERT INTO donors (id, user_id, document_type, document_number, birth_date, phone, address, latitude, longitude, blood_type, sex, last_donation_date, eligibility_status) VALUES (N'24f1c8d4-888a-4088-9241-96d766b12499', N'0ed0ed08-add3-4e8d-ae02-031e082100e3', N'CC', N'84992788', N'1995-11-26', N'3475970047', N'Calle 27 #11-48', 10.486466, -75.582762, N'O-', N'male', NULL, N'unknown');
INSERT INTO donors (id, user_id, document_type, document_number, birth_date, phone, address, latitude, longitude, blood_type, sex, last_donation_date, eligibility_status) VALUES (N'db86e9cc-e7e6-4505-afc0-659bdd9045bd', N'f1924202-6706-4ed7-a4d1-02c7ff4b1aa8', N'CC', N'87596267', N'1997-11-15', N'3567853764', N'Calle 64 #44-48', 10.452383, -75.572633, N'B+', N'male', NULL, N'eligible');
INSERT INTO donors (id, user_id, document_type, document_number, birth_date, phone, address, latitude, longitude, blood_type, sex, last_donation_date, eligibility_status) VALUES (N'f75c7a75-b210-4020-bf80-e6100c150ee7', N'b333a44a-12b5-4e68-a3b3-28f477373043', N'CC', N'84396926', N'1996-05-19', N'3944994430', N'Calle 40 #49-47', 10.388118, -75.543661, N'AB-', N'male', NULL, N'unknown');
INSERT INTO donors (id, user_id, document_type, document_number, birth_date, phone, address, latitude, longitude, blood_type, sex, last_donation_date, eligibility_status) VALUES (N'e847f288-6f90-4e60-be14-c393b73e50e8', N'66b6d9ea-dfcc-4ca0-8ad3-b9474a6e25df', N'CC', N'97171975', N'1996-06-25', N'3630958609', N'Calle 56 #10-29', 10.469795, -75.4861, N'A-', N'other', NULL, N'eligible');
INSERT INTO donors (id, user_id, document_type, document_number, birth_date, phone, address, latitude, longitude, blood_type, sex, last_donation_date, eligibility_status) VALUES (N'3bf85f5c-302f-40a9-a59b-c234a68099fc', N'ad24c59f-efa3-4b52-addd-49f629b4179d', N'CC', N'48372694', N'1974-09-05', N'3690697836', N'Calle 63 #22-36', 10.335162, -75.404363, N'O+', N'female', NULL, N'temporarily_ineligible');
INSERT INTO donors (id, user_id, document_type, document_number, birth_date, phone, address, latitude, longitude, blood_type, sex, last_donation_date, eligibility_status) VALUES (N'7fb17867-8cba-414b-bb04-6d4f4e864495', N'926e54b7-0adb-468a-88b5-72d2ae52d789', N'CC', N'42170662', N'1980-03-25', N'3733938824', N'Calle 15 #48-39', 10.333903, -75.572306, N'O+', N'female', NULL, N'permanently_ineligible');
INSERT INTO donors (id, user_id, document_type, document_number, birth_date, phone, address, latitude, longitude, blood_type, sex, last_donation_date, eligibility_status) VALUES (N'46b5a608-f989-4c60-946d-12ad7897b118', N'597697c5-517a-4ba3-a135-08371993a6f7', N'CC', N'89802155', N'1973-07-20', N'3152690696', N'Calle 68 #34-4', 10.44653, -75.525626, N'A-', N'female', NULL, N'eligible');
INSERT INTO donors (id, user_id, document_type, document_number, birth_date, phone, address, latitude, longitude, blood_type, sex, last_donation_date, eligibility_status) VALUES (N'007aed90-6c55-48f2-8794-05f6c0d62054', N'05828f2e-ae3c-4dc6-8a24-7e525e6f313b', N'CC', N'36400162', N'1999-08-08', N'3594356369', N'Calle 40 #34-24', 10.4153, -75.52424, N'O+', N'male', NULL, N'eligible');
INSERT INTO donors (id, user_id, document_type, document_number, birth_date, phone, address, latitude, longitude, blood_type, sex, last_donation_date, eligibility_status) VALUES (N'7369c759-12b0-433e-99bc-f4d1de1a8670', N'46fd5fba-c81b-45a4-b8fb-749707f26c8b', N'CC', N'92317925', N'1971-02-09', N'3482731043', N'Calle 99 #44-37', 10.437828, -75.478794, N'AB-', N'female', NULL, N'unknown');
INSERT INTO donors (id, user_id, document_type, document_number, birth_date, phone, address, latitude, longitude, blood_type, sex, last_donation_date, eligibility_status) VALUES (N'7d6e8363-7db1-48b4-877a-5a2a5191e10a', N'e3faf6ad-6eae-4439-b006-c807de189acd', N'CC', N'95260403', N'1982-08-23', N'3144494029', N'Calle 23 #34-35', 10.410943, -75.575214, N'B+', N'female', NULL, N'permanently_ineligible');
INSERT INTO campaigns (id, title, description, location, latitude, longitude, start_date, end_date, capacity_total, capacity_available, organizer_id) VALUES (N'72811db4-0b2d-4914-ae23-1e1be420a5ff', N'Campaña Donación 1', N'Jornada voluntaria de donación de sangre.', N'Hospital Central 1', 10.409414271678218, -75.48528938470564, '2025-11-01 00:00:00', '2025-11-01 08:00:00', 40, 15, N'32e592dc-d8a6-4a2b-861e-aa8a4bc13784');
INSERT INTO campaigns (id, title, description, location, latitude, longitude, start_date, end_date, capacity_total, capacity_available, organizer_id) VALUES (N'35533c75-5dae-41f5-be09-b378a9fae1d4', N'Campaña Donación 2', N'Jornada voluntaria de donación de sangre.', N'Hospital Central 2', 10.400958781586736, -75.54737280673514, '2025-11-08 00:00:00', '2025-11-08 08:00:00', 50, 17, N'3c403965-0cdb-4c87-bf79-e68d2eab72f1');
INSERT INTO campaigns (id, title, description, location, latitude, longitude, start_date, end_date, capacity_total, capacity_available, organizer_id) VALUES (N'e3e564f3-61fc-4e0b-9df6-df17ac184b25', N'Campaña Donación 3', N'Jornada voluntaria de donación de sangre.', N'Hospital Central 3', 10.408247821427036, -75.52121160748077, '2025-11-15 00:00:00', '2025-11-15 08:00:00', 60, 14, N'3c403965-0cdb-4c87-bf79-e68d2eab72f1');
INSERT INTO campaigns (id, title, description, location, latitude, longitude, start_date, end_date, capacity_total, capacity_available, organizer_id) VALUES (N'd1edfc32-a63b-4a4c-86d5-9d5c0b8f707a', N'Campaña Donación 4', N'Jornada voluntaria de donación de sangre.', N'Hospital Central 4', 10.431055867664945, -75.4662007796327, '2025-11-22 00:00:00', '2025-11-22 08:00:00', 70, 19, N'a54344dc-3e2a-4464-a209-115a88f178f6');
INSERT INTO campaigns (id, title, description, location, latitude, longitude, start_date, end_date, capacity_total, capacity_available, organizer_id) VALUES (N'bb33c057-1a61-4525-ab10-619570091b9d', N'Campaña Donación 5', N'Jornada voluntaria de donación de sangre.', N'Hospital Central 5', 10.421276196792245, -75.5269825564501, '2025-11-29 00:00:00', '2025-11-29 08:00:00', 80, 5, N'3c403965-0cdb-4c87-bf79-e68d2eab72f1');
INSERT INTO campaign_slots (id, campaign_id, start_datetime, end_datetime, capacity, reserved_count) VALUES (N'8e0b353b-4df6-4f9d-ae45-daa9d830868b', N'72811db4-0b2d-4914-ae23-1e1be420a5ff', '2025-11-01 08:00:00', '2025-11-01 09:00:00', 9, 5);
INSERT INTO campaign_slots (id, campaign_id, start_datetime, end_datetime, capacity, reserved_count) VALUES (N'dfd5c2fc-89c1-4a4b-ac8a-4eb81da2952c', N'72811db4-0b2d-4914-ae23-1e1be420a5ff', '2025-11-01 09:00:00', '2025-11-01 10:00:00', 5, 0);
INSERT INTO campaign_slots (id, campaign_id, start_datetime, end_datetime, capacity, reserved_count) VALUES (N'd975f73d-d946-4c5e-a74f-dee97c1c4450', N'72811db4-0b2d-4914-ae23-1e1be420a5ff', '2025-11-01 10:00:00', '2025-11-01 11:00:00', 5, 0);
INSERT INTO campaign_slots (id, campaign_id, start_datetime, end_datetime, capacity, reserved_count) VALUES (N'e8c91a5d-373a-4c80-9b6e-cd9be61adbcb', N'72811db4-0b2d-4914-ae23-1e1be420a5ff', '2025-11-01 11:00:00', '2025-11-01 12:00:00', 10, 5);
INSERT INTO campaign_slots (id, campaign_id, start_datetime, end_datetime, capacity, reserved_count) VALUES (N'54c31f6c-0f19-4256-ae1f-c41033ff4e32', N'72811db4-0b2d-4914-ae23-1e1be420a5ff', '2025-11-01 12:00:00', '2025-11-01 13:00:00', 8, 1);
INSERT INTO campaign_slots (id, campaign_id, start_datetime, end_datetime, capacity, reserved_count) VALUES (N'268ae3ff-d898-4666-9101-9492d1225aee', N'35533c75-5dae-41f5-be09-b378a9fae1d4', '2025-11-08 08:00:00', '2025-11-08 09:00:00', 7, 5);
INSERT INTO campaign_slots (id, campaign_id, start_datetime, end_datetime, capacity, reserved_count) VALUES (N'fc3a5220-0bdf-4ceb-a8ec-2a0f7e45a0a3', N'35533c75-5dae-41f5-be09-b378a9fae1d4', '2025-11-08 09:00:00', '2025-11-08 10:00:00', 6, 1);
INSERT INTO campaign_slots (id, campaign_id, start_datetime, end_datetime, capacity, reserved_count) VALUES (N'2ecd11ae-4c2d-4b23-a669-17c48dda5f79', N'35533c75-5dae-41f5-be09-b378a9fae1d4', '2025-11-08 10:00:00', '2025-11-08 11:00:00', 8, 5);
INSERT INTO campaign_slots (id, campaign_id, start_datetime, end_datetime, capacity, reserved_count) VALUES (N'616d6a28-db91-4176-882e-66ee3e299af3', N'35533c75-5dae-41f5-be09-b378a9fae1d4', '2025-11-08 11:00:00', '2025-11-08 12:00:00', 5, 5);
INSERT INTO campaign_slots (id, campaign_id, start_datetime, end_datetime, capacity, reserved_count) VALUES (N'822a96c8-e7fe-444a-bcaa-f0983dd77fb3', N'35533c75-5dae-41f5-be09-b378a9fae1d4', '2025-11-08 12:00:00', '2025-11-08 13:00:00', 10, 3);
INSERT INTO campaign_slots (id, campaign_id, start_datetime, end_datetime, capacity, reserved_count) VALUES (N'55d81f58-f08d-4b9a-b88c-960955b2f0a3', N'e3e564f3-61fc-4e0b-9df6-df17ac184b25', '2025-11-15 08:00:00', '2025-11-15 09:00:00', 7, 5);
INSERT INTO campaign_slots (id, campaign_id, start_datetime, end_datetime, capacity, reserved_count) VALUES (N'def09a1e-7cdc-47ff-a41e-f1c65ba1b8fd', N'e3e564f3-61fc-4e0b-9df6-df17ac184b25', '2025-11-15 09:00:00', '2025-11-15 10:00:00', 8, 1);
INSERT INTO campaign_slots (id, campaign_id, start_datetime, end_datetime, capacity, reserved_count) VALUES (N'3d91c345-bd20-4d05-8e69-9ed097b3af56', N'e3e564f3-61fc-4e0b-9df6-df17ac184b25', '2025-11-15 10:00:00', '2025-11-15 11:00:00', 7, 4);
INSERT INTO campaign_slots (id, campaign_id, start_datetime, end_datetime, capacity, reserved_count) VALUES (N'12c29a3b-211f-4a66-871e-2f14c43fe1b5', N'e3e564f3-61fc-4e0b-9df6-df17ac184b25', '2025-11-15 11:00:00', '2025-11-15 12:00:00', 9, 5);
INSERT INTO campaign_slots (id, campaign_id, start_datetime, end_datetime, capacity, reserved_count) VALUES (N'63762261-e337-4620-8fa1-fd39715eb2fa', N'e3e564f3-61fc-4e0b-9df6-df17ac184b25', '2025-11-15 12:00:00', '2025-11-15 13:00:00', 7, 5);
INSERT INTO campaign_slots (id, campaign_id, start_datetime, end_datetime, capacity, reserved_count) VALUES (N'45b13559-1487-4c34-bb10-13f051540a45', N'd1edfc32-a63b-4a4c-86d5-9d5c0b8f707a', '2025-11-22 08:00:00', '2025-11-22 09:00:00', 9, 5);
INSERT INTO campaign_slots (id, campaign_id, start_datetime, end_datetime, capacity, reserved_count) VALUES (N'3b3183a7-18ec-4396-8f38-ff3d041d0a80', N'd1edfc32-a63b-4a4c-86d5-9d5c0b8f707a', '2025-11-22 09:00:00', '2025-11-22 10:00:00', 6, 3);
INSERT INTO campaign_slots (id, campaign_id, start_datetime, end_datetime, capacity, reserved_count) VALUES (N'801d2e10-67b1-42c7-b53f-c751065bb26f', N'd1edfc32-a63b-4a4c-86d5-9d5c0b8f707a', '2025-11-22 10:00:00', '2025-11-22 11:00:00', 10, 0);
INSERT INTO campaign_slots (id, campaign_id, start_datetime, end_datetime, capacity, reserved_count) VALUES (N'35d3f21d-81aa-4097-8129-b4891c7df3f2', N'd1edfc32-a63b-4a4c-86d5-9d5c0b8f707a', '2025-11-22 11:00:00', '2025-11-22 12:00:00', 7, 1);
INSERT INTO campaign_slots (id, campaign_id, start_datetime, end_datetime, capacity, reserved_count) VALUES (N'cd17b3d3-464d-4e6b-8fe5-5bd41fd53fb9', N'd1edfc32-a63b-4a4c-86d5-9d5c0b8f707a', '2025-11-22 12:00:00', '2025-11-22 13:00:00', 7, 1);
INSERT INTO campaign_slots (id, campaign_id, start_datetime, end_datetime, capacity, reserved_count) VALUES (N'2a5ea30f-0299-4634-b137-17209ae63d9d', N'bb33c057-1a61-4525-ab10-619570091b9d', '2025-11-29 08:00:00', '2025-11-29 09:00:00', 7, 5);
INSERT INTO campaign_slots (id, campaign_id, start_datetime, end_datetime, capacity, reserved_count) VALUES (N'27a10014-eb81-41fe-9483-bfd399a0a3cb', N'bb33c057-1a61-4525-ab10-619570091b9d', '2025-11-29 09:00:00', '2025-11-29 10:00:00', 9, 2);
INSERT INTO campaign_slots (id, campaign_id, start_datetime, end_datetime, capacity, reserved_count) VALUES (N'fb89788a-0136-4ba2-abdf-6766c7ace2f5', N'bb33c057-1a61-4525-ab10-619570091b9d', '2025-11-29 10:00:00', '2025-11-29 11:00:00', 8, 3);
INSERT INTO campaign_slots (id, campaign_id, start_datetime, end_datetime, capacity, reserved_count) VALUES (N'f7d808da-5238-4dfd-b823-42b0d2e3a798', N'bb33c057-1a61-4525-ab10-619570091b9d', '2025-11-29 11:00:00', '2025-11-29 12:00:00', 9, 2);
INSERT INTO campaign_slots (id, campaign_id, start_datetime, end_datetime, capacity, reserved_count) VALUES (N'8be242e7-c3a5-4d13-881f-a4c614a8a7a2', N'bb33c057-1a61-4525-ab10-619570091b9d', '2025-11-29 12:00:00', '2025-11-29 13:00:00', 9, 5);
INSERT INTO appointments (id, donor_id, campaign_id, slot_datetime, status, eligibility_checked) VALUES (N'0aca60e2-e8fc-4a25-98da-03ef0a400249', N'c1c83504-42ac-4aa6-b20c-e3b2d536c548', N'd1edfc32-a63b-4a4c-86d5-9d5c0b8f707a', '2025-11-22 08:00:00', N'cancelled', 1);
INSERT INTO appointments (id, donor_id, campaign_id, slot_datetime, status, eligibility_checked) VALUES (N'52b7eab6-e608-47af-ace6-aef4b82edad5', N'589a2158-8224-4391-ae38-477e4dcd0a26', N'72811db4-0b2d-4914-ae23-1e1be420a5ff', '2025-11-01 12:00:00', N'completed', 1);
INSERT INTO appointments (id, donor_id, campaign_id, slot_datetime, status, eligibility_checked) VALUES (N'18068740-0969-4225-bd39-a5c5ede8895e', N'589a2158-8224-4391-ae38-477e4dcd0a26', N'bb33c057-1a61-4525-ab10-619570091b9d', '2025-11-29 09:00:00', N'scheduled', 0);
INSERT INTO appointments (id, donor_id, campaign_id, slot_datetime, status, eligibility_checked) VALUES (N'aff35b41-7163-4d81-85b8-c850da2389a1', N'24f1c8d4-888a-4088-9241-96d766b12499', N'e3e564f3-61fc-4e0b-9df6-df17ac184b25', '2025-11-15 11:00:00', N'cancelled', 0);
INSERT INTO appointments (id, donor_id, campaign_id, slot_datetime, status, eligibility_checked) VALUES (N'ca4bbf81-b126-4b38-a15b-82d656b8e45a', N'24f1c8d4-888a-4088-9241-96d766b12499', N'72811db4-0b2d-4914-ae23-1e1be420a5ff', '2025-11-01 11:00:00', N'scheduled', 0);
INSERT INTO appointments (id, donor_id, campaign_id, slot_datetime, status, eligibility_checked) VALUES (N'07d22f8d-6b6c-4e15-8157-1179b26f42d5', N'db86e9cc-e7e6-4505-afc0-659bdd9045bd', N'72811db4-0b2d-4914-ae23-1e1be420a5ff', '2025-11-01 08:00:00', N'completed', 1);
INSERT INTO appointments (id, donor_id, campaign_id, slot_datetime, status, eligibility_checked) VALUES (N'6cc73b9e-290a-4a84-aa2a-67efb6181c29', N'db86e9cc-e7e6-4505-afc0-659bdd9045bd', N'e3e564f3-61fc-4e0b-9df6-df17ac184b25', '2025-11-15 08:00:00', N'cancelled', 1);
INSERT INTO appointments (id, donor_id, campaign_id, slot_datetime, status, eligibility_checked) VALUES (N'f2dbd80e-d7b1-4718-ac04-0c1812afd9b1', N'db86e9cc-e7e6-4505-afc0-659bdd9045bd', N'72811db4-0b2d-4914-ae23-1e1be420a5ff', '2025-11-01 08:00:00', N'scheduled', 0);
INSERT INTO appointments (id, donor_id, campaign_id, slot_datetime, status, eligibility_checked) VALUES (N'175b2aec-0c4b-42c2-92e1-d6ba2e284e1a', N'f75c7a75-b210-4020-bf80-e6100c150ee7', N'e3e564f3-61fc-4e0b-9df6-df17ac184b25', '2025-11-15 09:00:00', N'scheduled', 0);
INSERT INTO appointments (id, donor_id, campaign_id, slot_datetime, status, eligibility_checked) VALUES (N'9703fefc-05dd-4b8e-8232-2b5315349080', N'f75c7a75-b210-4020-bf80-e6100c150ee7', N'd1edfc32-a63b-4a4c-86d5-9d5c0b8f707a', '2025-11-22 11:00:00', N'cancelled', 0);
INSERT INTO appointments (id, donor_id, campaign_id, slot_datetime, status, eligibility_checked) VALUES (N'f4d4ffcc-4184-4207-ba82-2c8be4e5e01e', N'e847f288-6f90-4e60-be14-c393b73e50e8', N'bb33c057-1a61-4525-ab10-619570091b9d', '2025-11-29 12:00:00', N'completed', 1);
INSERT INTO appointments (id, donor_id, campaign_id, slot_datetime, status, eligibility_checked) VALUES (N'f3a1a52a-94e8-4e53-b675-c81fd5113910', N'e847f288-6f90-4e60-be14-c393b73e50e8', N'bb33c057-1a61-4525-ab10-619570091b9d', '2025-11-29 08:00:00', N'completed', 0);
INSERT INTO appointments (id, donor_id, campaign_id, slot_datetime, status, eligibility_checked) VALUES (N'0373c259-f72e-41b0-9ea6-08821ee4ddc6', N'e847f288-6f90-4e60-be14-c393b73e50e8', N'e3e564f3-61fc-4e0b-9df6-df17ac184b25', '2025-11-15 09:00:00', N'scheduled', 1);
INSERT INTO appointments (id, donor_id, campaign_id, slot_datetime, status, eligibility_checked) VALUES (N'1496a202-af0c-474c-894d-3bb18d986d8b', N'3bf85f5c-302f-40a9-a59b-c234a68099fc', N'35533c75-5dae-41f5-be09-b378a9fae1d4', '2025-11-08 10:00:00', N'scheduled', 1);
INSERT INTO appointments (id, donor_id, campaign_id, slot_datetime, status, eligibility_checked) VALUES (N'542fb62b-10fc-4f58-b6cf-c26931506fda', N'3bf85f5c-302f-40a9-a59b-c234a68099fc', N'd1edfc32-a63b-4a4c-86d5-9d5c0b8f707a', '2025-11-22 09:00:00', N'completed', 1);
INSERT INTO appointments (id, donor_id, campaign_id, slot_datetime, status, eligibility_checked) VALUES (N'9f27df0a-5219-4575-8624-2699113124a2', N'7fb17867-8cba-414b-bb04-6d4f4e864495', N'72811db4-0b2d-4914-ae23-1e1be420a5ff', '2025-11-01 09:00:00', N'completed', 1);
INSERT INTO appointments (id, donor_id, campaign_id, slot_datetime, status, eligibility_checked) VALUES (N'f2a50800-4092-444f-85a9-af710ef16847', N'7fb17867-8cba-414b-bb04-6d4f4e864495', N'72811db4-0b2d-4914-ae23-1e1be420a5ff', '2025-11-01 10:00:00', N'cancelled', 1);
INSERT INTO appointments (id, donor_id, campaign_id, slot_datetime, status, eligibility_checked) VALUES (N'a3aea5d4-6956-4fb6-9738-b2dd53dcce27', N'46b5a608-f989-4c60-946d-12ad7897b118', N'72811db4-0b2d-4914-ae23-1e1be420a5ff', '2025-11-01 11:00:00', N'cancelled', 0);
INSERT INTO appointments (id, donor_id, campaign_id, slot_datetime, status, eligibility_checked) VALUES (N'ad3d5fd6-7f92-465f-85a1-76124f491bcf', N'46b5a608-f989-4c60-946d-12ad7897b118', N'e3e564f3-61fc-4e0b-9df6-df17ac184b25', '2025-11-15 10:00:00', N'completed', 1);
INSERT INTO appointments (id, donor_id, campaign_id, slot_datetime, status, eligibility_checked) VALUES (N'ef0fe1d8-3ddf-47fb-a5da-9bf35c25371a', N'007aed90-6c55-48f2-8794-05f6c0d62054', N'72811db4-0b2d-4914-ae23-1e1be420a5ff', '2025-11-01 12:00:00', N'cancelled', 1);
INSERT INTO appointments (id, donor_id, campaign_id, slot_datetime, status, eligibility_checked) VALUES (N'bef2433a-02e5-4b9a-abfb-9731a26aeab6', N'7369c759-12b0-433e-99bc-f4d1de1a8670', N'e3e564f3-61fc-4e0b-9df6-df17ac184b25', '2025-11-15 08:00:00', N'completed', 0);
INSERT INTO appointments (id, donor_id, campaign_id, slot_datetime, status, eligibility_checked) VALUES (N'babe065c-496d-45ef-81be-8c97b6086de1', N'7d6e8363-7db1-48b4-877a-5a2a5191e10a', N'72811db4-0b2d-4914-ae23-1e1be420a5ff', '2025-11-01 10:00:00', N'cancelled', 1);
INSERT INTO appointments (id, donor_id, campaign_id, slot_datetime, status, eligibility_checked) VALUES (N'9c0d1375-1efc-4c65-9c98-2849e7447a43', N'7d6e8363-7db1-48b4-877a-5a2a5191e10a', N'e3e564f3-61fc-4e0b-9df6-df17ac184b25', '2025-11-15 08:00:00', N'cancelled', 0);
INSERT INTO appointments (id, donor_id, campaign_id, slot_datetime, status, eligibility_checked) VALUES (N'8c5a2fc1-f054-4e28-934e-eec701ac0ddc', N'7d6e8363-7db1-48b4-877a-5a2a5191e10a', N'd1edfc32-a63b-4a4c-86d5-9d5c0b8f707a', '2025-11-22 09:00:00', N'completed', 1);
INSERT INTO medical_checks (id, appointment_id, donor_id, answers, vitals, apto, reason_not_apto, checked_by) VALUES (N'50581abb-a170-4ad5-8f64-d640b5c40d69', N'ca4bbf81-b126-4b38-a15b-82d656b8e45a', N'24f1c8d4-888a-4088-9241-96d766b12499', N'{"has_cold": false}', N'{"pressure": "120/80"}', 1, N'Hemoglobina baja', N'6dfdfaf8-3735-42df-b7e3-6ece38fca1a7');
INSERT INTO medical_checks (id, appointment_id, donor_id, answers, vitals, apto, reason_not_apto, checked_by) VALUES (N'b83e1a53-0137-486d-83a0-b41f7478e915', N'0373c259-f72e-41b0-9ea6-08821ee4ddc6', N'e847f288-6f90-4e60-be14-c393b73e50e8', N'{"has_cold": false}', N'{"pressure": "120/80"}', 0, NULL, N'7dfe3a22-3eb3-4d0e-bfd7-28515ab13b3e');
INSERT INTO medical_checks (id, appointment_id, donor_id, answers, vitals, apto, reason_not_apto, checked_by) VALUES (N'df573f4a-f9fe-436a-a7ad-9eb5c5facf1f', N'0aca60e2-e8fc-4a25-98da-03ef0a400249', N'c1c83504-42ac-4aa6-b20c-e3b2d536c548', N'{"has_cold": false}', N'{"pressure": "120/80"}', 1, NULL, N'6dfdfaf8-3735-42df-b7e3-6ece38fca1a7');
INSERT INTO medical_checks (id, appointment_id, donor_id, answers, vitals, apto, reason_not_apto, checked_by) VALUES (N'cadc4d0a-9ed7-4ab2-9a7a-b8d14abe8ce2', N'ef0fe1d8-3ddf-47fb-a5da-9bf35c25371a', N'007aed90-6c55-48f2-8794-05f6c0d62054', N'{"has_cold": false}', N'{"pressure": "120/80"}', 0, N'Hemoglobina baja', N'6dfdfaf8-3735-42df-b7e3-6ece38fca1a7');
INSERT INTO medical_checks (id, appointment_id, donor_id, answers, vitals, apto, reason_not_apto, checked_by) VALUES (N'09b2d474-f1da-4bfe-ad6d-703f975d1778', N'babe065c-496d-45ef-81be-8c97b6086de1', N'7d6e8363-7db1-48b4-877a-5a2a5191e10a', N'{"has_cold": false}', N'{"pressure": "120/80"}', 0, NULL, N'7dfe3a22-3eb3-4d0e-bfd7-28515ab13b3e');
INSERT INTO medical_checks (id, appointment_id, donor_id, answers, vitals, apto, reason_not_apto, checked_by) VALUES (N'42741fd9-c458-4a34-a838-2b4f57cea7eb', N'f3a1a52a-94e8-4e53-b675-c81fd5113910', N'e847f288-6f90-4e60-be14-c393b73e50e8', N'{"has_cold": false}', N'{"pressure": "120/80"}', 1, NULL, N'6dfdfaf8-3735-42df-b7e3-6ece38fca1a7');
INSERT INTO medical_checks (id, appointment_id, donor_id, answers, vitals, apto, reason_not_apto, checked_by) VALUES (N'3f2de06e-1d93-4888-8383-43581224d3a7', N'542fb62b-10fc-4f58-b6cf-c26931506fda', N'3bf85f5c-302f-40a9-a59b-c234a68099fc', N'{"has_cold": false}', N'{"pressure": "120/80"}', 0, NULL, N'7dfe3a22-3eb3-4d0e-bfd7-28515ab13b3e');
INSERT INTO medical_checks (id, appointment_id, donor_id, answers, vitals, apto, reason_not_apto, checked_by) VALUES (N'8427a7b1-96b0-4479-b2bc-7cc8954a0705', N'18068740-0969-4225-bd39-a5c5ede8895e', N'589a2158-8224-4391-ae38-477e4dcd0a26', N'{"has_cold": false}', N'{"pressure": "120/80"}', 1, NULL, N'6dfdfaf8-3735-42df-b7e3-6ece38fca1a7');
INSERT INTO medical_checks (id, appointment_id, donor_id, answers, vitals, apto, reason_not_apto, checked_by) VALUES (N'7b906a87-b3b2-4891-81b4-a7554cb05be3', N'1496a202-af0c-474c-894d-3bb18d986d8b', N'3bf85f5c-302f-40a9-a59b-c234a68099fc', N'{"has_cold": false}', N'{"pressure": "120/80"}', 0, N'Hemoglobina baja', N'cd722dec-60ee-47f5-ac8a-cf4cdf318ec3');
INSERT INTO medical_checks (id, appointment_id, donor_id, answers, vitals, apto, reason_not_apto, checked_by) VALUES (N'a8207587-07e2-4319-88ee-82132eae0339', N'9703fefc-05dd-4b8e-8232-2b5315349080', N'f75c7a75-b210-4020-bf80-e6100c150ee7', N'{"has_cold": false}', N'{"pressure": "120/80"}', 0, NULL, N'a4b0e094-e274-4093-ab43-2025311f9e31');
INSERT INTO medical_checks (id, appointment_id, donor_id, answers, vitals, apto, reason_not_apto, checked_by) VALUES (N'118a9e1b-9899-4e37-8795-59513ab760ba', N'f4d4ffcc-4184-4207-ba82-2c8be4e5e01e', N'e847f288-6f90-4e60-be14-c393b73e50e8', N'{"has_cold": false}', N'{"pressure": "120/80"}', 0, NULL, N'cd722dec-60ee-47f5-ac8a-cf4cdf318ec3');
INSERT INTO medical_checks (id, appointment_id, donor_id, answers, vitals, apto, reason_not_apto, checked_by) VALUES (N'a294e4ca-d9d1-498b-a241-2d8f508f1acf', N'f2a50800-4092-444f-85a9-af710ef16847', N'7fb17867-8cba-414b-bb04-6d4f4e864495', N'{"has_cold": false}', N'{"pressure": "120/80"}', 0, NULL, N'6dfdfaf8-3735-42df-b7e3-6ece38fca1a7');
INSERT INTO medical_checks (id, appointment_id, donor_id, answers, vitals, apto, reason_not_apto, checked_by) VALUES (N'4c013bca-4d61-4075-9ac2-eb3b17f6d4a4', N'07d22f8d-6b6c-4e15-8157-1179b26f42d5', N'db86e9cc-e7e6-4505-afc0-659bdd9045bd', N'{"has_cold": false}', N'{"pressure": "120/80"}', 1, NULL, N'7dfe3a22-3eb3-4d0e-bfd7-28515ab13b3e');
INSERT INTO medical_checks (id, appointment_id, donor_id, answers, vitals, apto, reason_not_apto, checked_by) VALUES (N'4e6681ab-3291-48ee-a7e1-c61ff3dac353', N'9f27df0a-5219-4575-8624-2699113124a2', N'7fb17867-8cba-414b-bb04-6d4f4e864495', N'{"has_cold": false}', N'{"pressure": "120/80"}', 1, N'Hemoglobina baja', N'7dfe3a22-3eb3-4d0e-bfd7-28515ab13b3e');
INSERT INTO medical_checks (id, appointment_id, donor_id, answers, vitals, apto, reason_not_apto, checked_by) VALUES (N'580b72a0-7625-46e9-938f-2d562745cd34', N'a3aea5d4-6956-4fb6-9738-b2dd53dcce27', N'46b5a608-f989-4c60-946d-12ad7897b118', N'{"has_cold": false}', N'{"pressure": "120/80"}', 0, NULL, N'7dfe3a22-3eb3-4d0e-bfd7-28515ab13b3e');
INSERT INTO donations (id, appointment_id, donor_id, campaign_id, bag_id, volume_ml, blood_type, collector_id) VALUES (N'02a43d6e-c22e-483f-a8f6-053f7a5476e7', N'52b7eab6-e608-47af-ace6-aef4b82edad5', N'589a2158-8224-4391-ae38-477e4dcd0a26', N'72811db4-0b2d-4914-ae23-1e1be420a5ff', N'BAG_7742', 385, N'O+', N'7dfe3a22-3eb3-4d0e-bfd7-28515ab13b3e');
INSERT INTO donations (id, appointment_id, donor_id, campaign_id, bag_id, volume_ml, blood_type, collector_id) VALUES (N'165587ec-67a6-4e2c-b2e2-caf2f8641fb9', N'07d22f8d-6b6c-4e15-8157-1179b26f42d5', N'db86e9cc-e7e6-4505-afc0-659bdd9045bd', N'72811db4-0b2d-4914-ae23-1e1be420a5ff', N'BAG_6848', 311, N'A+', N'cd722dec-60ee-47f5-ac8a-cf4cdf318ec3');
INSERT INTO donations (id, appointment_id, donor_id, campaign_id, bag_id, volume_ml, blood_type, collector_id) VALUES (N'dbcd080f-c4a4-48e6-a2e1-dc71dddaf68f', N'f4d4ffcc-4184-4207-ba82-2c8be4e5e01e', N'e847f288-6f90-4e60-be14-c393b73e50e8', N'bb33c057-1a61-4525-ab10-619570091b9d', N'BAG_4042', 316, N'AB+', N'cd722dec-60ee-47f5-ac8a-cf4cdf318ec3');
INSERT INTO donations (id, appointment_id, donor_id, campaign_id, bag_id, volume_ml, blood_type, collector_id) VALUES (N'9e6fac03-5fb5-4da2-a1ca-d5377746f09f', N'f3a1a52a-94e8-4e53-b675-c81fd5113910', N'e847f288-6f90-4e60-be14-c393b73e50e8', N'bb33c057-1a61-4525-ab10-619570091b9d', N'BAG_9879', 394, N'B-', N'cd722dec-60ee-47f5-ac8a-cf4cdf318ec3');
INSERT INTO donations (id, appointment_id, donor_id, campaign_id, bag_id, volume_ml, blood_type, collector_id) VALUES (N'f9f11614-3c2a-41ff-b143-97ee9a096592', N'542fb62b-10fc-4f58-b6cf-c26931506fda', N'3bf85f5c-302f-40a9-a59b-c234a68099fc', N'd1edfc32-a63b-4a4c-86d5-9d5c0b8f707a', N'BAG_5381', 464, N'O-', N'6dfdfaf8-3735-42df-b7e3-6ece38fca1a7');
INSERT INTO donations (id, appointment_id, donor_id, campaign_id, bag_id, volume_ml, blood_type, collector_id) VALUES (N'e019ae40-74e4-4ba6-ad75-a1320e4bf44c', N'9f27df0a-5219-4575-8624-2699113124a2', N'7fb17867-8cba-414b-bb04-6d4f4e864495', N'72811db4-0b2d-4914-ae23-1e1be420a5ff', N'BAG_4413', 399, N'O-', N'6dfdfaf8-3735-42df-b7e3-6ece38fca1a7');
INSERT INTO donations (id, appointment_id, donor_id, campaign_id, bag_id, volume_ml, blood_type, collector_id) VALUES (N'1f7e76cc-0010-4b29-ba09-e49c14da5f94', N'ad3d5fd6-7f92-465f-85a1-76124f491bcf', N'46b5a608-f989-4c60-946d-12ad7897b118', N'e3e564f3-61fc-4e0b-9df6-df17ac184b25', N'BAG_6976', 411, N'B-', N'6dfdfaf8-3735-42df-b7e3-6ece38fca1a7');
INSERT INTO donations (id, appointment_id, donor_id, campaign_id, bag_id, volume_ml, blood_type, collector_id) VALUES (N'cb6b8f9d-2221-472c-b5af-3767d2122f61', N'bef2433a-02e5-4b9a-abfb-9731a26aeab6', N'7369c759-12b0-433e-99bc-f4d1de1a8670', N'e3e564f3-61fc-4e0b-9df6-df17ac184b25', N'BAG_5029', 485, N'O-', N'7dfe3a22-3eb3-4d0e-bfd7-28515ab13b3e');
INSERT INTO donations (id, appointment_id, donor_id, campaign_id, bag_id, volume_ml, blood_type, collector_id) VALUES (N'88bd148a-26f5-499c-8ad9-f0457685459d', N'8c5a2fc1-f054-4e28-934e-eec701ac0ddc', N'7d6e8363-7db1-48b4-877a-5a2a5191e10a', N'd1edfc32-a63b-4a4c-86d5-9d5c0b8f707a', N'BAG_8996', 441, N'O-', N'6dfdfaf8-3735-42df-b7e3-6ece38fca1a7');
INSERT INTO inventory (id, blood_type, units_available, min_threshold) VALUES (N'2ca3f299-f080-4ab7-9f73-7f50b58b7f14', N'A+', 1, 2);
INSERT INTO inventory (id, blood_type, units_available, min_threshold) VALUES (N'84ada76d-a5dc-4acf-a993-ec41412fe5bd', N'B-', 2, 1);
INSERT INTO inventory (id, blood_type, units_available, min_threshold) VALUES (N'bab908b7-4f7b-43a9-8a29-7da988472f07', N'O+', 1, 1);
INSERT INTO inventory (id, blood_type, units_available, min_threshold) VALUES (N'cd78e2cf-f501-46f0-9036-1bb93d4085b6', N'O-', 4, 3);
INSERT INTO inventory (id, blood_type, units_available, min_threshold) VALUES (N'683f9367-4fc5-4a2e-9606-9016c69c18aa', N'AB+', 1, 1);
INSERT INTO notifications (id, user_id, type, status, payload) VALUES (N'3501c49f-0af6-42f9-832c-6faca13170b6', N'b333a44a-12b5-4e68-a3b3-28f477373043', N'push', N'sent', N'Recordatorio de cita o confirmación de donación.');
INSERT INTO notifications (id, user_id, type, status, payload) VALUES (N'54a68d70-4924-4bf6-b6a0-da2e060cd521', N'05828f2e-ae3c-4dc6-8a24-7e525e6f313b', N'email', N'sent', N'Recordatorio de cita o confirmación de donación.');
INSERT INTO notifications (id, user_id, type, status, payload) VALUES (N'9b0d0984-37eb-4332-982b-73738f66b5a7', N'1c0affc2-4517-47bc-8229-6483c3043d48', N'push', N'sent', N'Recordatorio de cita o confirmación de donación.');
INSERT INTO notifications (id, user_id, type, status, payload) VALUES (N'0d14d271-760a-405a-b987-eec9535e87e9', N'a54344dc-3e2a-4464-a209-115a88f178f6', N'email', N'queued', N'Recordatorio de cita o confirmación de donación.');
INSERT INTO notifications (id, user_id, type, status, payload) VALUES (N'3fc32a3a-82d5-4ee6-9e9f-2d9156b5fb4c', N'a54344dc-3e2a-4464-a209-115a88f178f6', N'sms', N'queued', N'Recordatorio de cita o confirmación de donación.');
INSERT INTO notifications (id, user_id, type, status, payload) VALUES (N'764d7127-1308-4acf-91a7-fccd3ade789e', N'f1924202-6706-4ed7-a4d1-02c7ff4b1aa8', N'push', N'sent', N'Recordatorio de cita o confirmación de donación.');
INSERT INTO notifications (id, user_id, type, status, payload) VALUES (N'2b03c136-260d-4f77-8c4e-628189880849', N'0ed0ed08-add3-4e8d-ae02-031e082100e3', N'push', N'failed', N'Recordatorio de cita o confirmación de donación.');
INSERT INTO notifications (id, user_id, type, status, payload) VALUES (N'c939bed2-307d-46de-90c0-967e39d9c45f', N'0ed0ed08-add3-4e8d-ae02-031e082100e3', N'sms', N'sent', N'Recordatorio de cita o confirmación de donación.');
INSERT INTO notifications (id, user_id, type, status, payload) VALUES (N'4e3b3806-c9c5-4c71-9593-d84bded39cc8', N'0ed0ed08-add3-4e8d-ae02-031e082100e3', N'sms', N'failed', N'Recordatorio de cita o confirmación de donación.');
INSERT INTO notifications (id, user_id, type, status, payload) VALUES (N'e97d6e24-2355-42b2-a932-d7d3665ceacc', N'0ed0ed08-add3-4e8d-ae02-031e082100e3', N'push', N'queued', N'Recordatorio de cita o confirmación de donación.');